amount,destination_transactions_last_24h,destination_transactions_last_7d,destination_avg_previous_amount,destination_amount_deviation,destination_is_first_transaction,origin_balance_error,destination_balance_error,destination_balance_is_zero,total_transactions,total_transaction_amount,avg_transaction_amount,type_CASH_IN,type_CASH_OUT,type_DEBIT,type_PAYMENT,type_TRANSFER,actual_fraud
10000000.0,0.0,0.0,0.0,10000000.0,1,0.0,10000000.0,1,28,147237648.39,5258487.4425,False,False,False,False,True,1
240427.17,0.0,1.0,32444.310000000027,207982.86,0,0.0,0.0,0,14,6965470.32,497533.5942857143,False,True,False,False,False,1
127156.49,0.0,0.0,0.0,127156.49,1,0.0,0.0,0,40218,6596385476.64,164015.75107265403,False,True,False,False,False,1
164382.72,0.0,8.0,194810.72583333333,-30428.00583333333,0,0.0,-0.010000000009313226,0,10,4839777.76,483977.77599999995,False,True,False,False,False,1
4294676.05,0.0,0.0,0.0,4294676.05,1,0.0,4294676.05,1,28853,5407533849.39,187416.6932169965,False,False,False,False,True,1
310726.29,0.0,0.0,0.0,310726.29,1,0.0,310726.29,1,25429,6337254252.83,249213.66364505092,False,False,False,False,True,1
10000000.0,0.0,0.0,0.0,10000000.0,1,1.862645149230957e-09,10000000.0,1,28,147237648.39,5258487.4425,False,False,False,False,True,1
658637.38,0.0,0.0,0.0,658637.38,1,0.0,658637.38,1,320,37511725.73,117224.14290625,False,False,False,False,True,1
6721321.33,0.0,0.0,0.0,6721321.33,1,0.0,6721321.33,1,26927,5172213957.19,192082.8149140268,False,False,False,False,True,1
98736.52,0.0,0.0,0.0,98736.52,1,0.0,0.0,0,29552,5701716349.72,192938.42547780185,False,True,False,False,False,1
2344540.14,0.0,0.0,0.0,2344540.14,1,0.0,0.0,0,18183,2963739223.12,162995.06259253147,False,True,False,False,False,1
245155.25,0.0,3.0,103807.63,141347.62,0,0.0,0.010000000009313226,0,30910,5608205263.28,181436.59861792298,False,True,False,False,False,1
1101871.13,0.0,0.0,0.0,1101871.13,1,0.0,1101871.13,1,28,147237648.39,5258487.4425,False,False,False,False,True,1
193706.98,0.0,0.0,0.0,193706.98,1,0.0,193706.98,1,10,7935358.76,793535.8759999999,False,False,False,False,True,1
5658123.36,0.0,9.0,196424.78846153847,5461698.571538462,0,0.0,9.313225746154785e-10,0,18,34064057.06,1892447.6144444447,False,True,False,False,False,1
117683.42,0.0,0.0,0.0,117683.42,1,0.0,117683.42,1,22797,3912610392.82,171628.30165460368,False,False,False,False,True,1
1159831.33,0.0,5.0,218091.67428571425,941739.6557142858,0,0.0,0.0,0,10,25595859.9,2559585.9899999998,False,True,False,False,False,1
811459.21,0.0,6.0,193150.02166666664,618309.1883333334,0,0.0,0.0,0,25429,6337254252.83,249213.66364505092,False,True,False,False,False,1
565346.12,0.0,0.0,0.0,565346.12,1,0.0,565346.12,1,11829,1657430074.48,140115.8233561586,False,False,False,False,True,1
312955.14,0.0,3.0,109975.19333333331,202979.9466666667,0,0.0,0.0,0,7937,970894107.08,122325.07333753307,False,True,False,False,False,1
2111475.81,0.0,0.0,0.0,2111475.81,1,0.0,2111475.81,1,27139,5047833554.76,185999.2466472604,False,False,False,False,True,1
128936.95,0.0,5.0,412684.326,-283747.376,0,0.0,0.0,0,14670,3775109118.91,257335.31826244036,False,True,False,False,False,1
143592.89,0.0,0.0,0.0,143592.89,1,0.0,0.0,0,40218,6596385476.64,164015.75107265403,False,True,False,False,False,1
187761.76,1.0,1.0,360353.54000000004,-172591.78000000003,0,0.0,-139329.8999999999,0,37127,5531479167.98,148988.04557276375,False,True,False,False,False,1
127156.49,0.0,0.0,0.0,127156.49,1,0.0,127156.49,1,40218,6596385476.64,164015.75107265403,False,False,False,False,True,1
5096946.74,0.0,0.0,0.0,5096946.74,1,0.0,5096946.74,1,30910,5608205263.28,181436.59861792298,False,False,False,False,True,1
142715.07,0.0,8.0,197922.275,-55207.20499999999,0,0.0,0.0,0,29467,7929207505.03,269087.7084545424,False,True,False,False,False,1
4309298.47,0.0,0.0,0.0,4309298.47,1,0.0,4309298.47,1,26656,5024591202.61,188497.5691255252,False,False,False,False,True,1
89596.79,0.0,0.0,0.0,89596.79,1,0.0,0.0,0,14490,3283341857.45,226593.6409558316,False,True,False,False,False,1
3070709.95,0.0,1.0,48852.955000000075,3021856.995,0,0.0,0.0,0,37693,4803245990.13,127430.71631682276,False,True,False,False,False,1
143501.7,0.0,4.0,184144.52125,-40642.82124999998,0,0.0,0.0,0,28,147237648.39,5258487.4425,False,True,False,False,False,1
1232239.39,0.0,0.0,0.0,1232239.39,1,0.0,1232239.39,1,40218,6596385476.64,164015.75107265403,False,False,False,False,True,1
126061.45,0.0,0.0,0.0,126061.45,1,0.0,126061.45,1,36726,4862065083.49,132387.54788133746,False,False,False,False,True,1
1397689.48,0.0,1.0,2788.8700000001118,1394900.6099999999,0,0.0,0.0,0,504,120469553.48,239026.89182539683,False,True,False,False,False,1
1309940.05,0.0,0.0,0.0,1309940.05,1,0.0,1309940.05,1,12,13642966.84,1136913.9033333333,False,False,False,False,True,1
357226.8,1.0,4.0,249036.10249999998,108190.69750000001,0,0.0,0.0,0,33528,4693535568.26,139988.53400918635,False,True,False,False,False,1
4257337.62,0.0,0.0,0.0,4257337.62,1,0.0,0.0,0,40218,6596385476.64,164015.75107265403,False,True,False,False,False,1
34162.97,0.0,0.0,0.0,34162.97,1,0.0,0.0,0,6,7708375.62,1284729.27,False,True,False,False,False,1
31315.51,0.0,5.0,383223.79454545456,-351908.28454545455,0,0.0,-0.01000000024214387,0,14,18737996.099999998,1338428.2928571426,False,True,False,False,False,1
22402.21,1.0,10.0,115942.031,-93539.821,0,0.0,0.010000000009313226,0,14,2872763.5,205197.39285714287,False,True,False,False,False,1
8994286.69,0.0,1.0,158453.48636363633,8835833.203636363,0,0.0,0.0,0,14670,3775109118.91,257335.31826244036,False,True,False,False,False,1
167907.12,1.0,1.0,108640.99333333333,59266.12666666666,0,0.0,0.0,0,7818,1055020916.85,134947.6741941673,False,True,False,False,False,1
638693.49,0.0,1.0,1462.3000000000466,637231.19,0,0.0,0.0,0,12,17235988.42,1436332.3683333334,False,True,False,False,False,1
264286.19,0.0,0.0,0.0,264286.19,1,0.0,264286.19,1,45155,6746761157.95,149413.37964677223,False,False,False,False,True,1
101013.32,0.0,0.0,0.0,101013.32,1,0.0,101013.32,1,12,5299923.58,441660.29833333334,False,False,False,False,True,1
2740879.15,0.0,3.0,275160.93999999994,2465718.21,0,0.0,0.0,0,16604,2252761583.91,135675.83617863164,False,True,False,False,False,1
6515.64,0.0,3.0,40964.01,-34448.37,0,0.0,-0.00999999999839929,0,10,4839777.76,483977.77599999995,False,True,False,False,False,1
192815.77,0.0,0.0,0.0,192815.77,1,0.0,192815.77,1,37127,5531479167.98,148988.04557276375,False,False,False,False,True,1
99458.21,1.0,2.0,212530.42,-113072.21,0,0.0,0.0,0,41759,5847754144.07,140035.78016882588,False,True,False,False,False,1
59829.03,0.0,0.0,0.0,59829.03,1,0.0,0.0,0,12,5299923.58,441660.29833333334,False,True,False,False,False,1
3724.3,0.0,6.0,215596.71375,-211872.41375,0,0.0,-5.820766091346741e-11,0,26103,5510846318.73,211119.270533272,False,True,False,False,False,1
282332.91,0.0,0.0,0.0,282332.91,1,0.0,282332.91,1,15096,2291105832.49,151769.06680511392,False,False,False,False,True,1
10000000.0,0.0,0.0,0.0,10000000.0,1,-4.656612873077393e-10,10000000.0,1,25429,6337254252.83,249213.66364505092,False,False,False,False,True,1
283429.1,0.0,0.0,0.0,283429.1,1,0.0,0.009999999951105565,0,40696,6965215256.25,171152.33084946923,False,True,False,False,False,1
114308.2,0.0,0.0,0.0,114308.2,1,0.0,114308.2,1,14,2872763.5,205197.39285714287,False,False,False,False,True,1
3309631.1,0.0,0.0,0.0,3309631.1,1,0.0,0.0,0,29552,5701716349.72,192938.42547780185,False,True,False,False,False,1
183385.35,0.0,0.0,0.0,183385.35,1,0.0,183385.35,1,12023,1737107629.18,144482.04517840807,False,False,False,False,True,1
245970.86,0.0,0.0,0.0,245970.86,1,0.0,245970.86,1,28,147237648.39,5258487.4425,False,False,False,False,True,1
4525901.25,0.0,0.0,0.0,4525901.25,1,0.0,4525901.25,1,12,17235988.42,1436332.3683333334,False,False,False,False,True,1
4309298.47,0.0,0.0,0.0,4309298.47,1,0.0,0.0,0,26656,5024591202.61,188497.5691255252,False,True,False,False,False,1
882011.04,0.0,0.0,0.0,882011.04,1,0.0,882011.04,1,3508,475026460.95,135412.33208380843,False,False,False,False,True,1
1806516.34,0.0,1.0,158524.38000000012,1647991.96,0,0.0,0.0,0,33468,5718920109.12,170877.25914664753,False,True,False,False,False,1
1303543.6,0.0,0.0,0.0,1303543.6,1,0.0,0.0,0,28959,6433780283.85,222168.5929710971,False,True,False,False,False,1
2231580.5,1.0,5.0,751118.5437500001,1480461.9562499998,0,0.0,0.0,0,6,5246154.58,874359.0966666667,False,True,False,False,False,1
233699.25,0.0,0.0,0.0,233699.25,1,0.0,0.0,0,34075,6436763739.34,188899.88963580338,False,True,False,False,False,1
2056779.24,0.0,1.0,69014.51333333326,1987764.7266666668,0,0.0,0.0,0,7991,1081719923.47,135367.27862219998,False,True,False,False,False,1
9725837.08,1.0,1.0,61525.13000000082,9664311.95,0,0.0,0.0,0,26656,5024591202.61,188497.5691255252,False,True,False,False,False,1
19511.35,0.0,0.0,0.0,19511.35,1,0.0,19511.35,1,33468,5718920109.12,170877.25914664753,False,False,False,False,True,1
4737833.35,0.0,0.0,0.0,4737833.35,1,0.0,4737833.35,1,12023,1737107629.18,144482.04517840807,False,False,False,False,True,1
106596.14,0.0,0.0,0.0,106596.14,1,0.0,106596.14,1,12023,1737107629.18,144482.04517840807,False,False,False,False,True,1
243118.94,0.0,3.0,144615.85749999998,98503.08250000002,0,0.0,0.0,0,25429,6337254252.83,249213.66364505092,False,True,False,False,False,1
173668.46,0.0,2.0,324275.38,-150606.92,0,0.0,0.0,0,10,25595859.9,2559585.9899999998,False,True,False,False,False,1
626673.66,2.0,4.0,266216.69999999995,360456.9600000001,0,0.0,0.0,0,41759,5847754144.07,140035.78016882588,False,True,False,False,False,1
17216.14,0.0,0.0,0.0,17216.14,1,0.0,17216.14,1,41759,5847754144.07,140035.78016882588,False,False,False,False,True,1
184588.59,0.0,1.0,169445.8075,15142.782500000001,0,0.0,0.0,0,12023,1737107629.18,144482.04517840807,False,True,False,False,False,1
54892.98,0.0,1.0,122037.87000000002,-67144.89000000001,0,0.0,0.0,0,1441,170127306.87,118061.97562109647,False,True,False,False,False,1
236388.4,0.0,0.0,0.0,236388.4,1,0.0,236388.4,1,18,34064057.06,1892447.6144444447,False,False,False,False,True,1
200418.1,0.0,5.0,151808.4269230769,48609.67307692309,0,0.0,0.0,0,27727,5003598395.76,180459.42207090562,False,True,False,False,False,1
70756.72,0.0,0.0,0.0,70756.72,1,0.0,70756.72,1,16604,2252761583.91,135675.83617863164,False,False,False,False,True,1
2374412.42,0.0,0.0,0.0,2374412.42,1,0.0,2374412.42,1,3588,443414417.79,123582.61365384616,False,False,False,False,True,1
231978.48,0.0,0.0,0.0,231978.48,1,0.0,231978.48,1,14490,3283341857.45,226593.6409558316,False,False,False,False,True,1
2056779.24,0.0,0.0,0.0,2056779.24,1,0.0,2056779.24,1,7991,1081719923.47,135367.27862219998,False,False,False,False,True,1
653151.55,0.0,0.0,0.0,653151.55,1,0.0,653151.55,1,15096,2291105832.49,151769.06680511392,False,False,False,False,True,1
173668.46,0.0,0.0,0.0,173668.46,1,0.0,173668.46,1,10,25595859.9,2559585.9899999998,False,False,False,False,True,1
283976.3,0.0,0.0,0.0,283976.3,1,0.0,283976.3,1,25429,6337254252.83,249213.66364505092,False,False,False,False,True,1
2983996.6,0.0,0.0,0.0,2983996.6,1,0.0,2983996.6,1,41759,5847754144.07,140035.78016882588,False,False,False,False,True,1
127018.14,0.0,0.0,0.0,127018.14,1,0.0,0.0,0,14,2872763.5,205197.39285714287,False,True,False,False,False,1
78357.77,0.0,0.0,0.0,78357.77,1,0.0,78357.77,1,3508,475026460.95,135412.33208380843,False,False,False,False,True,1
1500582.08,0.0,3.0,8294119.206666666,-6793537.126666666,0,0.0,3.725290298461914e-09,0,633,131912135.28,208391.99886255924,False,True,False,False,False,1
540530.08,1.0,7.0,285981.6542857143,254548.42571428564,0,0.0,0.0,0,12,5299923.58,441660.29833333334,False,True,False,False,False,1
10000000.0,0.0,0.0,0.0,10000000.0,1,4.656612873077393e-10,10000000.0,1,16604,2252761583.91,135675.83617863164,False,False,False,False,True,1
88748.63,0.0,4.0,178888.7625,-90140.1325,0,0.0,0.0,0,320,37511725.73,117224.14290625,False,True,False,False,False,1
387408.11,0.0,0.0,0.0,387408.11,1,0.0,387408.11,1,30348,5915512509.77,194922.64761335182,False,False,False,False,True,1
164382.72,0.0,0.0,0.0,164382.72,1,0.0,164382.72,1,10,4839777.76,483977.77599999995,False,False,False,False,True,1
2567602.1,0.0,0.0,0.0,2567602.1,1,0.0,2567602.1,1,8256,1019370201.37,123470.22787911822,False,False,False,False,True,1
128936.95,0.0,0.0,0.0,128936.95,1,0.0,128936.95,1,14670,3775109118.91,257335.31826244036,False,False,False,False,True,1
1465173.76,0.0,0.0,0.0,1465173.76,1,0.0,1465173.76,1,11829,1657430074.48,140115.8233561586,False,False,False,False,True,1
10000000.0,0.0,2.0,101157.34999999963,9898842.65,0,0.0,0.0,0,28,147237648.39,5258487.4425,False,True,False,False,False,1
51113.0,0.0,0.0,0.0,51113.0,1,0.0,51113.0,1,30910,5608205263.28,181436.59861792298,False,False,False,False,True,1
4257337.62,0.0,0.0,0.0,4257337.62,1,0.0,4257337.62,1,40218,6596385476.64,164015.75107265403,False,False,False,False,True,1
29225.91,0.0,0.0,0.0,29225.91,1,0.0,29225.91,1,22797,3912610392.82,171628.30165460368,False,False,False,True,False,0
10702.58,0.0,12.0,610351.5857500001,-599649.0057500001,0,-10702.58,0.0,0,33528,4693535568.26,139988.53400918635,False,True,False,False,False,0
19242.36,0.0,0.0,0.0,19242.36,1,0.0,19242.36,1,27727,5003598395.76,180459.42207090562,False,False,False,True,False,0
224751.9,1.0,6.0,202246.34416666665,22505.555833333347,0,-449503.80000000075,449503.80000000005,0,30348,5915512509.77,194922.64761335182,True,False,False,False,False,0
12944.17,0.0,0.0,0.0,12944.17,1,-12944.17,12944.17,1,26103,5510846318.73,211119.270533272,False,False,False,True,False,0
241103.64,0.0,1.0,105820.48,135283.16000000003,0,-241103.64,0.0,0,20122,6138973352.87,305087.63308170164,False,False,False,False,True,0
9656.21,0.0,0.0,0.0,9656.21,1,-9444.21,9656.21,1,11829,1657430074.48,140115.8233561586,False,False,False,True,False,0
14431.2,0.0,0.0,0.0,14431.2,1,-8487.86,14431.2,1,30910,5608205263.28,181436.59861792298,False,False,False,True,False,0
119004.58,1.0,1.0,613519.43,-494514.85000000003,0,-119004.58,-0.010000000009313226,0,28388,5968864151.18,210260.11523108356,False,True,False,False,False,0
125221.03,0.0,6.0,136972.40666666665,-11751.376666666649,0,-250442.06,250442.05999999997,0,25429,6337254252.83,249213.66364505092,True,False,False,False,False,0
6447.53,0.0,0.0,0.0,6447.53,1,0.0,6447.53,1,26656,5024591202.61,188497.5691255252,False,False,False,True,False,0
47245.29,0.0,0.0,0.0,47245.29,1,0.010000000009313226,47245.29,1,19269,4577025882.6,237533.13003269501,False,False,False,True,False,0
4331.02,0.0,0.0,0.0,4331.02,1,0.0,4331.02,1,3588,443414417.79,123582.61365384616,False,False,False,True,False,0
125466.32,1.0,1.0,141704.03999999998,-16237.719999999972,0,-125466.32,-0.010000000009313226,0,37693,4803245990.13,127430.71631682276,False,True,False,False,False,0
5311.11,0.0,0.0,0.0,5311.11,1,-5311.11,5311.11,1,15096,2291105832.49,151769.06680511392,False,False,False,True,False,0
21084.42,0.0,0.0,0.0,21084.42,1,-21084.42,21084.42,1,20122,6138973352.87,305087.63308170164,False,False,False,True,False,0
2595.39,0.0,0.0,0.0,2595.39,1,-10.389999999999873,2595.39,1,7937,970894107.08,122325.07333753307,False,False,False,True,False,0
30170.02,1.0,2.0,210833.805,-180663.785,0,-60340.050000000745,60340.03999999998,0,33468,5718920109.12,170877.25914664753,True,False,False,False,False,0
40030.3,0.0,0.0,0.0,40030.3,1,-28268.300000000003,40030.3,1,34075,6436763739.34,188899.88963580338,False,False,False,True,False,0
281048.58,2.0,6.0,240529.78333333333,40518.79666666669,0,-562097.1600000001,562097.1700000002,0,28959,6433780283.85,222168.5929710971,True,False,False,False,False,0
12120.21,0.0,0.0,0.0,12120.21,1,0.0,12120.21,1,12050,1754502433.76,145601.86172282157,False,False,False,True,False,0
108883.49,0.0,0.0,0.0,108883.49,1,-217766.97999999998,217766.9699999988,0,29467,7929207505.03,269087.7084545424,True,False,False,False,False,0
35612.31,0.0,0.0,0.0,35612.31,1,-35612.31,0.0,0,37127,5531479167.98,148988.04557276375,False,True,False,False,False,0
240064.28,1.0,7.0,204296.63079999998,35767.649200000014,0,-480128.5599999996,480128.56000000006,0,37127,5531479167.98,148988.04557276375,True,False,False,False,False,0
126409.06,0.0,1.0,240417.36,-114008.29999999999,0,-252818.12,252818.12,0,12023,1737107629.18,144482.04517840807,True,False,False,False,False,0
497028.92,1.0,4.0,330070.28500000003,166958.63499999995,0,-487915.92,0.0,0,27139,5047833554.76,185999.2466472604,False,True,False,False,False,0
8404.89,0.0,0.0,0.0,8404.89,1,-6291.889999999999,8404.89,1,27139,5047833554.76,185999.2466472604,False,False,False,True,False,0
166070.22,0.0,0.0,0.0,166070.22,1,-61184.22,0.0,0,37127,5531479167.98,148988.04557276375,False,True,False,False,False,0
107131.98,0.0,4.0,223923.36833333332,-116791.38833333332,0,-214263.96,214263.95999999996,0,34075,6436763739.34,188899.88963580338,True,False,False,False,False,0
243350.06,0.0,0.0,0.0,243350.06,1,-486700.12,248438.06,0,33468,5718920109.12,170877.25914664753,True,False,False,False,False,0
67404.03,0.0,0.0,0.0,67404.03,1,-67404.03,0.0,0,30348,5915512509.77,194922.64761335182,False,True,False,False,False,0
29572.22,0.0,0.0,0.0,29572.22,1,-29572.22,29572.22,1,8256,1019370201.37,123470.22787911822,False,False,False,True,False,0
101411.13,0.0,2.0,139737.405,-38326.274999999994,0,-202822.26,-824094.26,0,27139,5047833554.76,185999.2466472604,True,False,False,False,False,0
15700.08,0.0,0.0,0.0,15700.08,1,0.0,15700.08,1,40696,6965215256.25,171152.33084946923,False,False,False,True,False,0
208542.88,1.0,6.0,88869.90428571428,119672.97571428573,0,-168730.88,0.010000000009313226,0,28388,5968864151.18,210260.11523108356,False,True,False,False,False,0
40267.06,0.0,0.0,0.0,40267.06,1,-40267.06,40267.06,1,33468,5718920109.12,170877.25914664753,False,False,False,True,False,0
20563.12,0.0,0.0,0.0,20563.12,1,-20563.12,20563.12,1,30420,6779388634.99,222859.58694904667,False,False,False,True,False,0
54624.34,0.0,1.0,169644.7916666667,-115020.45166666669,0,-54624.34,-0.009999999980209395,0,28959,6433780283.85,222168.5929710971,False,True,False,False,False,0
245299.6,0.0,2.0,283004.33,-37704.73000000001,0,-490599.18999999994,490599.19,0,7991,1081719923.47,135367.27862219998,True,False,False,False,False,0
638843.31,0.0,0.0,0.0,638843.31,1,-585313.31,0.0,0,26073,5826660716.37,223474.88652514096,False,True,False,False,False,0
251077.37,0.0,6.0,332715.7642857143,-81638.39428571431,0,-251077.37,0.0,0,30910,5608205263.28,181436.59861792298,False,True,False,False,False,0
13235.38,0.0,0.0,0.0,13235.38,1,-13235.38,13235.38,1,18183,2963739223.12,162995.06259253147,False,False,False,True,False,0
243159.46,0.0,4.0,112142.29454545454,131017.16545454545,0,7.275957614183426e-12,0.0,0,45155,6746761157.95,149413.37964677223,False,True,False,False,False,0
10761.1,0.0,0.0,0.0,10761.1,1,-3.623767952376511e-13,10761.1,1,19269,4577025882.6,237533.13003269501,False,False,False,True,False,0
8962.68,0.0,0.0,0.0,8962.68,1,-8962.68,8962.68,1,28388,5968864151.18,210260.11523108356,False,False,False,True,False,0
58325.6,0.0,0.0,0.0,58325.6,1,-52968.6,58325.6,1,30910,5608205263.28,181436.59861792298,False,False,False,True,False,0
162640.87,0.0,1.0,156745.75666666668,5895.113333333313,0,-162640.87,0.010000000009313226,0,30910,5608205263.28,181436.59861792298,False,False,False,False,True,0
326606.03,0.0,5.0,127092.204,199513.82600000003,0,-653212.05,653212.06,0,30222,6964456131.76,230443.2576189531,True,False,False,False,False,0
239052.51,0.0,0.0,0.0,239052.51,1,0.0,0.0,0,30348,5915512509.77,194922.64761335182,False,True,False,False,False,0
164926.06,0.0,4.0,202308.7717647059,-37382.71176470589,0,-163805.06,-0.010000000009313226,0,26103,5510846318.73,211119.270533272,False,True,False,False,False,0
331954.59,0.0,5.0,565007.2187500001,-233052.6287500001,0,-316480.59,0.0,0,33468,5718920109.12,170877.25914664753,False,True,False,False,False,0
36515.45,0.0,0.0,0.0,36515.45,1,5.4569682106375694e-12,36515.45,1,27727,5003598395.76,180459.42207090562,False,False,False,True,False,0
194657.17,1.0,4.0,228442.37749999997,-33785.20749999996,0,-389314.33999999985,389314.33999999997,0,29467,7929207505.03,269087.7084545424,True,False,False,False,False,0
95916.55,0.0,1.0,290892.26,-194975.71000000002,0,-191833.09999999986,191833.1,0,30348,5915512509.77,194922.64761335182,True,False,False,False,False,0
6661.43,0.0,0.0,0.0,6661.43,1,1.1368683772161603e-13,6661.43,1,12023,1737107629.18,144482.04517840807,False,False,False,True,False,0
208400.45,0.0,4.0,188547.83000000002,19852.619999999995,0,-416800.8999999985,416800.9,0,30223,5917459225.07,195793.24438573272,True,False,False,False,False,0
38449.45,0.0,8.0,326128.16451612907,-287678.71451612905,0,-76898.9,-164462.1200000001,0,37693,4803245990.13,127430.71631682276,True,False,False,False,False,0
75247.12,2.0,4.0,261835.73500000002,-186588.61500000002,0,-68218.12,0.0,0,44787,7234253609.7,161525.74652689396,False,True,False,False,False,0
16669.65,0.0,5.0,138208.81636363638,-121539.16636363638,0,-33339.299999999814,33339.30000000005,0,37693,4803245990.13,127430.71631682276,True,False,False,False,False,0
102917.93,1.0,1.0,191976.28999999998,-89058.35999999999,0,-102917.93,0.0,0,30420,6779388634.99,222859.58694904667,False,True,False,False,False,0
24046.91,0.0,0.0,0.0,24046.91,1,0.00999999999476131,24046.91,1,26103,5510846318.73,211119.270533272,False,False,False,True,False,0
20669.79,0.0,0.0,0.0,20669.79,1,-5761.790000000001,0.0,0,26656,5024591202.61,188497.5691255252,False,True,False,False,False,0
395063.77,0.0,2.0,25996.294999999984,369067.47500000003,0,-394826.77,5.820766091346741e-11,0,34075,6436763739.34,188899.88963580338,False,True,False,False,False,0
2333.61,0.0,0.0,0.0,2333.61,1,-747.6100000000001,2333.61,1,26103,5510846318.73,211119.270533272,False,False,False,True,False,0
20390.56,0.0,0.0,0.0,20390.56,1,0.00999999999839929,20390.56,1,27727,5003598395.76,180459.42207090562,False,False,False,True,False,0
266133.77,0.0,3.0,226873.44125,39260.328750000015,0,-141891.77000000002,1.1641532182693481e-10,0,29515,5506549073.95,186567.81548195833,False,True,False,False,False,0
80880.73,0.0,6.0,269321.2175,-188440.48750000005,0,-80131.73,-0.010000000009313226,0,40696,6965215256.25,171152.33084946923,False,True,False,False,False,0
10926.36,0.0,0.0,0.0,10926.36,1,0.0,10926.36,1,14961,2043308095.19,136575.63633380123,False,False,False,True,False,0
161355.11,0.0,0.0,0.0,161355.11,1,-140213.11,-5.820766091346741e-11,0,37127,5531479167.98,148988.04557276375,False,True,False,False,False,0
310227.94,0.0,0.0,0.0,310227.94,1,-620455.88,310227.94,1,28959,6433780283.85,222168.5929710971,True,False,False,False,False,0
172109.14,0.0,0.0,0.0,172109.14,1,-344218.28,172109.14,1,25429,6337254252.83,249213.66364505092,True,False,False,False,False,0
26986.52,0.0,0.0,0.0,26986.52,1,2.9103830456733704e-11,26986.52,1,45155,6746761157.95,149413.37964677223,False,False,False,True,False,0
499274.77,0.0,4.0,282712.416,216562.354,0,-499119.77,-2.3283064365386963e-10,0,26103,5510846318.73,211119.270533272,False,False,False,False,True,0
21503.46,0.0,0.0,0.0,21503.46,1,-19880.46,21503.46,1,19269,4577025882.6,237533.13003269501,False,False,False,True,False,0
10679.44,0.0,0.0,0.0,10679.44,1,0.00999999999476131,10679.44,1,29515,5506549073.95,186567.81548195833,False,False,False,True,False,0
243534.36,2.0,3.0,257879.32428571428,-14344.96428571429,0,-243534.36,-1.1641532182693481e-10,0,37693,4803245990.13,127430.71631682276,False,True,False,False,False,0
82617.08,1.0,5.0,209474.66133333332,-126857.58133333332,0,-82617.08,-0.010000001639127731,0,30348,5915512509.77,194922.64761335182,False,True,False,False,False,0
7766.37,0.0,0.0,0.0,7766.37,1,-7766.37,7766.37,1,30348,5915512509.77,194922.64761335182,False,False,False,True,False,0
86373.71,1.0,5.0,426481.63,-340107.92,0,-66124.71,0.010000001639127731,0,44787,7234253609.7,161525.74652689396,False,True,False,False,False,0
145917.04,0.0,8.0,225667.01153846152,-79749.97153846151,0,-145917.04,0.0,0,33528,4693535568.26,139988.53400918635,False,True,False,False,False,0
984363.05,0.0,0.0,0.0,984363.05,1,-982845.05,0.0,0,29515,5506549073.95,186567.81548195833,False,False,False,False,True,0
67835.71,0.0,2.0,153222.79499999998,-85387.08499999998,0,-67835.71,2.9103830456733704e-11,0,45155,6746761157.95,149413.37964677223,False,True,False,False,False,0
202580.38,1.0,1.0,137051.08999999997,65529.29000000004,0,-187270.38,0.009999999951105565,0,28388,5968864151.18,210260.11523108356,False,True,False,False,False,0
148841.54,0.0,3.0,216159.398,-67317.85799999998,0,-148160.54,0.0,0,26927,5172213957.19,192082.8149140268,False,True,False,False,False,0
60172.67,0.0,0.0,0.0,60172.67,1,-44862.67,0.0,0,41759,5847754144.07,140035.78016882588,False,True,False,False,False,0
85999.9,0.0,0.0,0.0,85999.9,1,-24646.899999999994,-1.4551915228366852e-11,0,3588,443414417.79,123582.61365384616,False,True,False,False,False,0
74533.24,0.0,1.0,54345.74,20187.500000000007,0,-74533.24,-0.009999999980209395,0,28959,6433780283.85,222168.5929710971,False,False,False,False,True,0
15139.57,0.0,0.0,0.0,15139.57,1,-14952.57,15139.57,1,33468,5718920109.12,170877.25914664753,False,False,False,True,False,0
169771.59,0.0,2.0,116698.68846153846,53072.901538461534,0,-169771.59,0.0,0,26103,5510846318.73,211119.270533272,False,True,False,False,False,0
85421.81,0.0,5.0,760436.6611111112,-675014.8511111112,0,-85421.81,0.0,0,26656,5024591202.61,188497.5691255252,False,True,False,False,False,0
556048.84,0.0,7.0,332936.74,223112.09999999998,0,-556048.84,0.0,0,30910,5608205263.28,181436.59861792298,False,False,False,False,True,0
220757.46,1.0,8.0,460968.61750000005,-240211.15750000006,0,-441514.9199999999,441514.9199999999,0,27727,5003598395.76,180459.42207090562,True,False,False,False,False,0
20986.57,0.0,1.0,161323.56,-140336.99,0,-0.009999999980209395,0.010000000009313226,0,37127,5531479167.98,148988.04557276375,False,True,False,False,False,0
94153.42,0.0,4.0,404541.205,-310387.78500000003,0,-69533.42,0.0,0,28245,5640295178.53,199691.81017985483,False,True,False,False,False,0
12721.1,0.0,0.0,0.0,12721.1,1,-12721.1,12721.1,1,41759,5847754144.07,140035.78016882588,False,False,False,True,False,0
311292.22,1.0,5.0,102550.99799999999,208741.22199999998,0,-622584.44,622584.4400000001,0,30223,5917459225.07,195793.24438573272,True,False,False,False,False,0
7455.77,0.0,0.0,0.0,7455.77,1,-7260.77,7455.77,1,25429,6337254252.83,249213.66364505092,False,False,False,True,False,0
16689.77,0.0,0.0,0.0,16689.77,1,-16689.77,16689.77,1,22797,3912610392.82,171628.30165460368,False,False,False,True,False,0
124114.74,0.0,3.0,54883.045999999995,69231.69400000002,0,0.0,-5.820766091346741e-11,0,45155,6746761157.95,149413.37964677223,False,True,False,False,False,0
87117.97,0.0,5.0,105077.27111111111,-17959.301111111112,0,-1.3642420526593924e-12,0.0,0,33468,5718920109.12,170877.25914664753,False,True,False,False,False,0
69628.8,0.0,0.0,0.0,69628.8,1,-139257.6,69628.8,1,45155,6746761157.95,149413.37964677223,True,False,False,False,False,0
15689.96,0.0,0.0,0.0,15689.96,1,0.0,15689.96,1,28959,6433780283.85,222168.5929710971,False,False,False,True,False,0
114271.89,0.0,0.0,0.0,114271.89,1,-13784.89,0.0,0,36726,4862065083.49,132387.54788133746,False,True,False,False,False,0
42228.32,0.0,4.0,154266.49000000002,-112038.17000000001,0,-42228.32,0.0,0,29552,5701716349.72,192938.42547780185,False,True,False,False,False,0
5377.75,0.0,6.0,125982.98000000001,-120605.23000000001,0,0.0,0.0,0,27727,5003598395.76,180459.42207090562,False,False,True,False,False,0
126569.8,0.0,3.0,705092.4100000001,-578522.6100000001,0,-253139.6000000015,253139.58999999985,0,30910,5608205263.28,181436.59861792298,True,False,False,False,False,0
105579.06,0.0,4.0,502248.50875000004,-396669.44875000004,0,-211158.1299999999,211158.1200000001,0,33468,5718920109.12,170877.25914664753,True,False,False,False,False,0
238741.36,0.0,1.0,226140.79222222226,12600.567777777731,0,-238741.36,0.009999999776482582,0,33468,5718920109.12,170877.25914664753,False,True,False,False,False,0
4778.39,0.0,0.0,0.0,4778.39,1,-4778.39,4778.39,1,34075,6436763739.34,188899.88963580338,False,False,False,True,False,0
15680.03,0.0,0.0,0.0,15680.03,1,0.0,15680.03,1,28853,5407533849.39,187416.6932169965,False,False,False,True,False,0
70949.45,1.0,11.0,184286.95923076922,-113337.50923076922,0,-60989.45,0.0,0,28853,5407533849.39,187416.6932169965,False,True,False,False,False,0
232710.97,4.0,6.0,129663.35,103047.62,0,-465421.93999999994,392775.7899999999,0,29467,7929207505.03,269087.7084545424,True,False,False,False,False,0
7376.67,0.0,3.0,144163.65333333335,-136786.98333333334,0,-14753.339999999851,14753.340000000084,0,34075,6436763739.34,188899.88963580338,True,False,False,False,False,0
44711.81,0.0,0.0,0.0,44711.81,1,0.0,44711.81,1,15096,2291105832.49,151769.06680511392,False,False,False,True,False,0
19741.02,0.0,0.0,0.0,19741.02,1,-19741.02,19741.02,1,25429,6337254252.83,249213.66364505092,False,False,False,True,False,0
39963.59,0.0,0.0,0.0,39963.59,1,3.637978807091713e-12,39963.59,1,30910,5608205263.28,181436.59861792298,False,False,False,True,False,0
23412.83,0.0,0.0,0.0,23412.83,1,-23412.83,23412.83,1,30348,5915512509.77,194922.64761335182,False,False,False,True,False,0
25805.91,0.0,0.0,0.0,25805.91,1,-25805.91,25805.91,1,27139,5047833554.76,185999.2466472604,False,False,False,True,False,0
228464.12,1.0,6.0,207899.38374999998,20564.736250000016,0,-456928.24,456928.23,0,29552,5701716349.72,192938.42547780185,True,False,False,False,False,0
1498.29,0.0,0.0,0.0,1498.29,1,0.0,1498.29,1,15096,2291105832.49,151769.06680511392,False,False,False,True,False,0
35273.94,0.0,0.0,0.0,35273.94,1,-23996.940000000002,35273.94,1,28245,5640295178.53,199691.81017985483,False,False,False,True,False,0
31035.99,1.0,7.0,119715.05625000001,-88679.06625,0,-31035.99,-2.9103830456733704e-11,0,29552,5701716349.72,192938.42547780185,False,True,False,False,False,0
11338.29,0.0,0.0,0.0,11338.29,1,5.820766091346741e-11,11338.29,1,36726,4862065083.49,132387.54788133746,False,False,False,True,False,0
148791.95,0.0,5.0,198396.49764705883,-49604.54764705882,0,-134444.95,0.0,0,34075,6436763739.34,188899.88963580338,False,True,False,False,False,0
132067.18,1.0,10.0,277269.46111111116,-145202.28111111117,0,0.0,4.656612873077393e-10,0,30348,5915512509.77,194922.64761335182,False,False,False,False,True,0
11258.91,0.0,0.0,0.0,11258.91,1,0.0,11258.91,1,12023,1737107629.18,144482.04517840807,False,False,False,True,False,0
13742.84,0.0,0.0,0.0,13742.84,1,-13742.84,13742.84,1,18183,2963739223.12,162995.06259253147,False,False,False,True,False,0
134356.66,1.0,9.0,335492.80583333335,-201136.14583333334,0,-134356.66,0.0,0,28959,6433780283.85,222168.5929710971,False,True,False,False,False,0
35339.58,0.0,0.0,0.0,35339.58,1,-0.010000000009313226,35339.58,1,27139,5047833554.76,185999.2466472604,False,False,False,True,False,0
10696.64,0.0,0.0,0.0,10696.64,1,-9805.64,10696.64,1,14670,3775109118.91,257335.31826244036,False,False,False,True,False,0
214047.13,0.0,1.0,1253209.4700000002,-1039162.3400000002,0,-214047.13,0.0,0,8256,1019370201.37,123470.22787911822,False,True,False,False,False,0
5579.74,0.0,0.0,0.0,5579.74,1,3.637978807091713e-12,5579.74,1,16604,2252761583.91,135675.83617863164,False,False,False,True,False,0
123380.52,0.0,3.0,259158.40666666665,-135777.88666666666,0,-246761.0399999991,246761.04000000004,0,36726,4862065083.49,132387.54788133746,True,False,False,False,False,0
498055.24,1.0,5.0,182148.0169230769,315907.22307692305,0,-996110.4800000004,996110.47,0,40218,6596385476.64,164015.75107265403,True,False,False,False,False,0
3247.72,0.0,0.0,0.0,3247.72,1,-3247.72,3247.72,1,27727,5003598395.76,180459.42207090562,False,False,False,True,False,0
38264.32,0.0,0.0,0.0,38264.32,1,-18861.32,38264.32,1,28959,6433780283.85,222168.5929710971,False,False,False,True,False,0
721653.4,1.0,1.0,363753.07999999996,357900.32000000007,0,-721653.4,0.0,0,29515,5506549073.95,186567.81548195833,False,False,False,False,True,0
2729.32,0.0,0.0,0.0,2729.32,1,-1498.3200000000002,2729.32,1,28853,5407533849.39,187416.6932169965,False,False,False,True,False,0
4279.37,0.0,0.0,0.0,4279.37,1,0.0,4279.37,1,16604,2252761583.91,135675.83617863164,False,False,False,True,False,0
13594.57,0.0,0.0,0.0,13594.57,1,-13594.57,13594.57,1,29467,7929207505.03,269087.7084545424,False,False,False,True,False,0
2875.77,0.0,0.0,0.0,2875.77,1,-2875.77,2875.77,1,11829,1657430074.48,140115.8233561586,False,False,False,True,False,0
21475.75,0.0,0.0,0.0,21475.75,1,0.0,21475.75,1,40696,6965215256.25,171152.33084946923,False,False,False,True,False,0
113873.02,0.0,2.0,73144.04,40728.98000000001,0,-227746.04000000004,227746.03999999998,0,41759,5847754144.07,140035.78016882588,True,False,False,False,False,0
104764.14,2.0,6.0,141616.9676,-36852.827600000004,0,-104764.14,0.0,0,20122,6138973352.87,305087.63308170164,False,True,False,False,False,0
139703.69,0.0,1.0,178466.75,-38763.06,0,-139703.69,0.0,0,30222,6964456131.76,230443.2576189531,False,True,False,False,False,0
155190.17,1.0,1.0,4013.649999999994,151176.52000000002,0,-310380.33999999985,310380.3300000001,0,30348,5915512509.77,194922.64761335182,True,False,False,False,False,0
6864.39,0.0,0.0,0.0,6864.39,1,-6864.39,6864.39,1,22797,3912610392.82,171628.30165460368,False,False,False,True,False,0
7840.16,0.0,0.0,0.0,7840.16,1,-7840.16,7840.16,1,27139,5047833554.76,185999.2466472604,False,False,False,True,False,0
175735.18,0.0,3.0,211993.9,-36258.72,0,-164264.18,0.0,0,28245,5640295178.53,199691.81017985483,False,True,False,False,False,0
8949.85,0.0,0.0,0.0,8949.85,1,-8949.85,8949.85,1,41759,5847754144.07,140035.78016882588,False,False,False,True,False,0
68340.62,1.0,9.0,357653.0622222222,-289312.4422222222,0,-68340.62,9.313225746154785e-10,0,30222,6964456131.76,230443.2576189531,False,True,False,False,False,0
161855.02,0.0,8.0,248692.514,-86837.494,0,-108998.68,0.0,0,15096,2291105832.49,151769.06680511392,False,True,False,False,False,0
191650.31,2.0,6.0,125154.65499999998,66495.65500000001,0,-191650.31,-0.010000000125728548,0,28245,5640295178.53,199691.81017985483,False,True,False,False,False,0
5854.67,2.0,4.0,161984.27272727274,-156129.60272727272,0,0.0,-0.010000000009313226,0,41759,5847754144.07,140035.78016882588,False,True,False,False,False,0
571562.45,2.0,9.0,190565.43,380997.01999999996,0,-571562.45,0.0,0,26103,5510846318.73,211119.270533272,False,False,False,False,True,0
49192.93,0.0,6.0,217522.87727272726,-168329.94727272727,0,-49192.93,0.0,0,16604,2252761583.91,135675.83617863164,False,True,False,False,False,0
248815.24,0.0,0.0,0.0,248815.24,1,-206226.24,0.0,0,40696,6965215256.25,171152.33084946923,False,True,False,False,False,0
159002.95,0.0,5.0,178342.97266666667,-19340.022666666657,0,-159002.95,0.0,0,37127,5531479167.98,148988.04557276375,False,True,False,False,False,0
3716411.96,0.0,0.0,0.0,3716411.96,1,-3678160.96,0.0,0,26073,5826660716.37,223474.88652514096,False,False,False,False,True,0
140135.24,0.0,4.0,286388.3475,-146253.10749999998,0,-280270.48,147184.68,0,40696,6965215256.25,171152.33084946923,True,False,False,False,False,0
428457.02,4.0,7.0,138642.10363636364,289814.9163636364,0,-412929.02,0.0,0,22797,3912610392.82,171628.30165460368,False,True,False,False,False,0
70927.06,1.0,7.0,362742.28571428574,-291815.22571428574,0,-141854.13000000035,141854.12999999896,0,14961,2043308095.19,136575.63633380123,True,False,False,False,False,0
64460.55,0.0,1.0,148975.54000000004,-84514.99000000003,0,-128921.08999999985,128921.10000000002,0,1441,170127306.87,118061.97562109647,True,False,False,False,False,0
14575.37,0.0,0.0,0.0,14575.37,1,-14575.37,14575.37,1,27727,5003598395.76,180459.42207090562,False,False,False,True,False,0
25456.42,0.0,0.0,0.0,25456.42,1,-10281.419999999998,25456.42,1,22797,3912610392.82,171628.30165460368,False,False,False,True,False,0
19743.29,0.0,0.0,0.0,19743.29,1,-2.9103830456733704e-11,19743.29,1,29552,5701716349.72,192938.42547780185,False,False,False,True,False,0
2231.32,0.0,0.0,0.0,2231.32,1,-2231.32,2231.32,1,1419,142296140.07,100279.16847780126,False,False,False,True,False,0
12699.15,1.0,1.0,314438.71,-301739.56,0,-2740.1499999999996,0.0,0,30223,5917459225.07,195793.24438573272,False,True,False,False,False,0
8578.99,0.0,0.0,0.0,8578.99,1,-8578.99,8578.99,1,41759,5847754144.07,140035.78016882588,False,False,False,True,False,0
238296.94,2.0,10.0,130985.69454545456,107311.24545454544,0,-167916.94,-1.1641532182693481e-10,0,37127,5531479167.98,148988.04557276375,False,False,False,False,True,0
360693.97,0.0,9.0,182431.07333333333,178262.89666666664,0,-360693.97,0.0,0,30223,5917459225.07,195793.24438573272,False,True,False,False,False,0
107099.06,1.0,8.0,192706.1575,-85607.0975,0,-214198.1299999999,214198.13000000012,0,41759,5847754144.07,140035.78016882588,True,False,False,False,False,0
2682.12,0.0,0.0,0.0,2682.12,1,-2682.12,2682.12,1,45155,6746761157.95,149413.37964677223,False,False,False,True,False,0
139558.71,1.0,6.0,216502.66833333333,-76943.95833333334,0,-139558.71,0.0,0,30420,6779388634.99,222859.58694904667,False,True,False,False,False,0
37532.16,0.0,0.0,0.0,37532.16,1,-3.637978807091713e-12,37532.16,1,28245,5640295178.53,199691.81017985483,False,False,False,True,False,0
12942.61,1.0,8.0,229571.13,-216628.52000000002,0,-12942.61,-0.009999999776482582,0,44787,7234253609.7,161525.74652689396,False,True,False,False,False,0
300478.63,0.0,5.0,125324.13833333332,175154.4916666667,0,-600957.26,422691.76,0,22797,3912610392.82,171628.30165460368,True,False,False,False,False,0
16461.5,0.0,0.0,0.0,16461.5,1,-16461.5,16461.5,1,30223,5917459225.07,195793.24438573272,False,False,False,True,False,0
292296.51,0.0,2.0,252739.47,39557.04000000001,0,-584593.0200000005,584593.0199999996,0,27139,5047833554.76,185999.2466472604,True,False,False,False,False,0
762.82,0.0,2.0,135373.74250000002,-134610.92250000002,0,0.0,0.0,0,11829,1657430074.48,140115.8233561586,False,False,True,False,False,0
73861.32,1.0,2.0,53762.927500000005,20098.3925,0,-73861.32,0.010000000009313226,0,12023,1737107629.18,144482.04517840807,False,True,False,False,False,0
214200.91,0.0,0.0,0.0,214200.91,1,-428401.82,420238.17000000004,0,25429,6337254252.83,249213.66364505092,True,False,False,False,False,0
239042.34,1.0,9.0,178950.88710526316,60091.45289473684,0,-239042.34,-4.656612873077393e-10,0,44787,7234253609.7,161525.74652689396,False,True,False,False,False,0
321592.22,0.0,9.0,129864.41999999998,191727.8,0,-301504.22,0.0,0,26073,5826660716.37,223474.88652514096,False,True,False,False,False,0
15536.62,0.0,0.0,0.0,15536.62,1,-15536.62,15536.62,1,16604,2252761583.91,135675.83617863164,False,False,False,True,False,0
140276.25,1.0,2.0,316849.52999999997,-176573.27999999997,0,-87224.4,0.0,0,3588,443414417.79,123582.61365384616,False,True,False,False,False,0
70840.06,2.0,5.0,301984.45199999993,-231144.39199999993,0,-141680.11999999918,141680.12,0,11829,1657430074.48,140115.8233561586,True,False,False,False,False,0
130397.98,0.0,6.0,408840.1603225806,-278442.1803225806,0,-130397.98,-0.009999997913837433,0,41759,5847754144.07,140035.78016882588,False,True,False,False,False,0
13765.93,0.0,0.0,0.0,13765.93,1,-13765.93,13765.93,1,7991,1081719923.47,135367.27862219998,False,False,False,True,False,0
1086522.23,0.0,0.0,0.0,1086522.23,1,-1023837.23,0.0,0,28245,5640295178.53,199691.81017985483,False,False,False,False,True,0
6336.14,0.0,0.0,0.0,6336.14,1,-6336.14,6336.14,1,30910,5608205263.28,181436.59861792298,False,False,False,True,False,0
382619.25,1.0,4.0,225045.22999999998,157574.02000000002,0,-381271.25,0.010000000009313226,0,20122,6138973352.87,305087.63308170164,False,True,False,False,False,0
173143.12,0.0,0.0,0.0,173143.12,1,-173122.12,0.0,0,26073,5826660716.37,223474.88652514096,False,True,False,False,False,0
299599.2,0.0,7.0,225928.89399999997,73670.30600000004,0,-599198.4,599198.4000000004,0,29552,5701716349.72,192938.42547780185,True,False,False,False,False,0
42776.2,0.0,5.0,153285.16181818183,-110508.96181818184,0,-42776.2,0.0,0,7991,1081719923.47,135367.27862219998,False,True,False,False,False,0
5196.07,0.0,0.0,0.0,5196.07,1,-101.1899999999996,5196.07,1,30223,5917459225.07,195793.24438573272,False,False,False,True,False,0
152449.78,0.0,5.0,89886.98799999998,62562.792000000016,0,-304899.56000000006,304899.55,0,27727,5003598395.76,180459.42207090562,True,False,False,False,False,0
123955.83,0.0,2.0,22008.04,101947.79000000001,0,-115742.83,0.0,0,44787,7234253609.7,161525.74652689396,False,True,False,False,False,0
1764.32,0.0,0.0,0.0,1764.32,1,0.0,1764.32,1,14670,3775109118.91,257335.31826244036,False,False,False,True,False,0
315932.91,1.0,7.0,175847.16695652175,140085.74304347823,0,-315932.91,0.0,0,29515,5506549073.95,186567.81548195833,False,False,False,False,True,0
5760.94,0.0,0.0,0.0,5760.94,1,0.0,5760.94,1,40696,6965215256.25,171152.33084946923,False,False,False,True,False,0
84511.32,0.0,0.0,0.0,84511.32,1,-84511.32,84511.32,1,19269,4577025882.6,237533.13003269501,False,False,False,True,False,0
15340.64,0.0,0.0,0.0,15340.64,1,0.0,15340.64,1,33528,4693535568.26,139988.53400918635,False,False,False,True,False,0
19621.04,0.0,0.0,0.0,19621.04,1,-19621.04,19621.04,1,28388,5968864151.18,210260.11523108356,False,False,False,True,False,0
214562.95,1.0,8.0,277992.63066666666,-63429.68066666665,0,-214562.95,4.656612873077393e-10,0,34075,6436763739.34,188899.88963580338,False,True,False,False,False,0
11341.63,0.0,0.0,0.0,11341.63,1,-0.010000000009313226,11341.63,1,27727,5003598395.76,180459.42207090562,False,False,False,True,False,0
41665.8,0.0,0.0,0.0,41665.8,1,-41665.8,41665.8,1,26656,5024591202.61,188497.5691255252,False,False,False,True,False,0
112785.48,0.0,0.0,0.0,112785.48,1,-225570.96000000002,225570.95999999996,0,26103,5510846318.73,211119.270533272,True,False,False,False,False,0
874059.94,0.0,10.0,152649.927,721410.0129999999,0,-874059.94,0.0,0,26927,5172213957.19,192082.8149140268,False,False,False,False,True,0
121667.53,1.0,5.0,325079.9461111111,-203412.4161111111,0,-243335.06,243335.0599999996,0,28959,6433780283.85,222168.5929710971,True,False,False,False,False,0
74559.1,1.0,5.0,132865.68333333332,-58306.583333333314,0,-149118.19999999925,149118.1999999999,0,26656,5024591202.61,188497.5691255252,True,False,False,False,False,0
4971.39,0.0,0.0,0.0,4971.39,1,-4769.39,4971.39,1,41759,5847754144.07,140035.78016882588,False,False,False,True,False,0
1405486.66,1.0,12.0,319556.5691176471,1085930.0908823528,0,-1023915.0,-0.009999999776482582,0,30910,5608205263.28,181436.59861792298,False,False,False,False,True,0
21366.89,0.0,3.0,162022.81333333332,-140655.92333333334,0,-21366.89,4.656612873077393e-10,0,37693,4803245990.13,127430.71631682276,False,True,False,False,False,0
8481.07,0.0,0.0,0.0,8481.07,1,-8481.07,8481.07,1,41759,5847754144.07,140035.78016882588,False,False,False,True,False,0
125404.51,0.0,4.0,123687.79499999998,1716.715000000011,0,7.275957614183426e-12,0.0,0,36726,4862065083.49,132387.54788133746,False,True,False,False,False,0
18361.38,0.0,0.0,0.0,18361.38,1,-18361.38,18361.38,1,16604,2252761583.91,135675.83617863164,False,False,False,True,False,0
437297.89,1.0,2.0,214578.24333333338,222719.64666666664,0,-874595.7800000003,874595.7899999999,0,33528,4693535568.26,139988.53400918635,True,False,False,False,False,0
2177.68,0.0,0.0,0.0,2177.68,1,-2177.68,2177.68,1,8256,1019370201.37,123470.22787911822,False,False,False,True,False,0
4611.85,0.0,0.0,0.0,4611.85,1,-4.547473508864641e-13,4611.85,1,3508,475026460.95,135412.33208380843,False,False,False,True,False,0
83773.09,0.0,2.0,107750.47666666668,-23977.386666666687,0,-83773.09,0.0,0,28959,6433780283.85,222168.5929710971,False,True,False,False,False,0
57148.55,0.0,0.0,0.0,57148.55,1,-47195.55,57148.55,1,29467,7929207505.03,269087.7084545424,False,False,False,True,False,0
124979.79,0.0,4.0,142887.37333333332,-17907.58333333333,0,-249959.58000000194,249959.58000000007,0,19269,4577025882.6,237533.13003269501,True,False,False,False,False,0
1584047.59,2.0,6.0,365094.29333333345,1218953.2966666666,0,-1584047.59,-9.313225746154785e-10,0,29552,5701716349.72,192938.42547780185,False,False,False,False,True,0
160129.05,1.0,5.0,462951.64,-302822.59,0,-160129.05,0.0,0,33528,4693535568.26,139988.53400918635,False,True,False,False,False,0
29401.44,0.0,0.0,0.0,29401.44,1,-29401.44,29401.44,1,37127,5531479167.98,148988.04557276375,False,False,False,True,False,0
2947.67,0.0,0.0,0.0,2947.67,1,-2947.67,2947.67,1,45155,6746761157.95,149413.37964677223,False,False,False,True,False,0
158653.74,0.0,8.0,183502.6222222222,-24848.882222222222,0,-139286.74,0.0,0,30348,5915512509.77,194922.64761335182,False,True,False,False,False,0
277310.74,2.0,5.0,127076.106,150234.634,0,-554621.4700000007,554621.48,0,45155,6746761157.95,149413.37964677223,True,False,False,False,False,0
17900.3,0.0,0.0,0.0,17900.3,1,-1.1641532182693481e-10,17900.3,1,30223,5917459225.07,195793.24438573272,False,False,False,True,False,0
22731.44,0.0,0.0,0.0,22731.44,1,-22731.44,22731.44,1,41759,5847754144.07,140035.78016882588,False,False,False,True,False,0
3512.5,0.0,0.0,0.0,3512.5,1,0.0,3512.5,1,37693,4803245990.13,127430.71631682276,False,False,False,True,False,0
161681.42,0.0,1.0,136549.56999999998,25131.850000000035,0,-5.820766091346741e-11,0.0,0,20122,6138973352.87,305087.63308170164,False,True,False,False,False,0
16949.53,0.0,0.0,0.0,16949.53,1,0.0,16949.53,1,30420,6779388634.99,222859.58694904667,False,False,False,True,False,0
1113700.25,0.0,4.0,224661.04999999996,889039.2000000001,0,-1113700.25,-4.656612873077393e-10,0,7818,1055020916.85,134947.6741941673,False,False,False,False,True,0
216159.35,1.0,6.0,238068.19999999998,-21908.849999999977,0,-432318.7,432318.69,0,28959,6433780283.85,222168.5929710971,True,False,False,False,False,0
386701.52,0.0,7.0,282511.19,104190.33000000002,0,-773403.04,773403.0399999998,0,27139,5047833554.76,185999.2466472604,True,False,False,False,False,0
152277.54,0.0,3.0,506611.7933333334,-354334.2533333334,0,-152277.54,0.0,0,41759,5847754144.07,140035.78016882588,False,True,False,False,False,0
121089.25,1.0,5.0,98285.394,22803.856,0,-76019.25,0.0,0,37693,4803245990.13,127430.71631682276,False,True,False,False,False,0
241415.82,0.0,0.0,0.0,241415.82,1,-241415.82,0.010000000009313226,0,27727,5003598395.76,180459.42207090562,False,True,False,False,False,0
33319.58,0.0,0.0,0.0,33319.58,1,-32428.58,33319.58,1,29467,7929207505.03,269087.7084545424,False,False,False,True,False,0
1830.08,0.0,0.0,0.0,1830.08,1,-1830.08,1830.08,1,20122,6138973352.87,305087.63308170164,False,False,False,True,False,0
171985.43,0.0,3.0,155042.475,16942.954999999987,0,-171437.43,0.0,0,41759,5847754144.07,140035.78016882588,False,True,False,False,False,0
232243.81,0.0,5.0,168389.01,63854.79999999999,0,-218562.81,0.0,0,45155,6746761157.95,149413.37964677223,False,True,False,False,False,0
5068.85,0.0,0.0,0.0,5068.85,1,-3688.42,5068.85,1,22797,3912610392.82,171628.30165460368,False,False,False,True,False,0
759139.27,0.0,3.0,124983.76666666668,634155.5033333333,0,-759139.27,2.3283064365386963e-10,0,28245,5640295178.53,199691.81017985483,False,False,False,False,True,0
46429.1,1.0,3.0,170269.57333333333,-123840.47333333333,0,-92858.19999999925,92858.20000000007,0,44787,7234253609.7,161525.74652689396,True,False,False,False,False,0
32784.79,0.0,5.0,70849.63,-38064.840000000004,0,-32784.79,0.010000000009313226,0,12050,1754502433.76,145601.86172282157,False,True,False,False,False,0
12406.19,0.0,1.0,412178.57,-399772.38,0,0.0,0.010000000009313226,0,37127,5531479167.98,148988.04557276375,False,False,False,False,True,0
120802.23,0.0,6.0,159599.31000000003,-38797.08000000003,0,2.9103830456733704e-11,-5.820766091346741e-11,0,27139,5047833554.76,185999.2466472604,False,True,False,False,False,0
160883.1,0.0,5.0,133130.86125,27752.23875000002,0,-160883.1,-0.010000000009313226,0,33528,4693535568.26,139988.53400918635,False,True,False,False,False,0
932763.33,0.0,4.0,279895.29133333336,652868.0386666666,0,-926796.33,0.0,0,41759,5847754144.07,140035.78016882588,False,False,False,False,True,0
185885.65,0.0,0.0,0.0,185885.65,1,-371771.30000000005,236597.63999999998,0,45155,6746761157.95,149413.37964677223,True,False,False,False,False,0
210942.93,1.0,5.0,128644.06142857143,82298.86857142857,0,-421885.8599999994,421885.8599999999,0,29552,5701716349.72,192938.42547780185,True,False,False,False,False,0
14911.26,0.0,0.0,0.0,14911.26,1,0.0,14911.26,1,26073,5826660716.37,223474.88652514096,False,False,False,True,False,0
267517.85,1.0,4.0,226645.74500000002,40872.10499999995,0,-267517.85,0.0,0,40218,6596385476.64,164015.75107265403,False,True,False,False,False,0
31861.91,0.0,0.0,0.0,31861.91,1,-63723.82000000001,63723.82000000001,0,37127,5531479167.98,148988.04557276375,True,False,False,False,False,0
222265.64,1.0,2.0,138981.07,83284.57,0,-222265.64,0.0,0,15096,2291105832.49,151769.06680511392,False,True,False,False,False,0
1336.48,0.0,0.0,0.0,1336.48,1,0.010000000009313226,1336.48,1,28388,5968864151.18,210260.11523108356,False,False,False,True,False,0
16569.45,0.0,0.0,0.0,16569.45,1,0.0,16569.45,1,37693,4803245990.13,127430.71631682276,False,False,False,True,False,0
922.84,0.0,0.0,0.0,922.84,1,0.0,922.84,1,34075,6436763739.34,188899.88963580338,False,False,False,True,False,0
154648.75,1.0,3.0,87365.88,67282.87,0,-309297.5,309297.5,0,15096,2291105832.49,151769.06680511392,True,False,False,False,False,0
173805.01,0.0,2.0,499593.765,-325788.755,0,-173805.01,0.0,0,27727,5003598395.76,180459.42207090562,False,True,False,False,False,0
124188.94,0.0,7.0,173001.272,-48812.331999999995,0,-248377.88000000082,248377.8700000001,0,26927,5172213957.19,192082.8149140268,True,False,False,False,False,0
136074.77,0.0,0.0,0.0,136074.77,1,-272149.54,272149.54000000004,0,18183,2963739223.12,162995.06259253147,True,False,False,False,False,0
112156.68,1.0,1.0,260995.64,-148838.96000000002,0,-100562.68,0.0,0,26073,5826660716.37,223474.88652514096,False,True,False,False,False,0
8724.7,1.0,6.0,230917.72599999997,-222193.02599999995,0,0.0,-0.010000000125728548,0,33468,5718920109.12,170877.25914664753,False,True,False,False,False,0
18482.55,1.0,1.0,173026.975,-154544.42500000002,0,-3180.5499999999993,1.1641532182693481e-10,0,45155,6746761157.95,149413.37964677223,False,True,False,False,False,0
19012.82,0.0,0.0,0.0,19012.82,1,-18882.82,19012.82,1,26103,5510846318.73,211119.270533272,False,False,False,True,False,0
2305.77,3.0,4.0,2727440.87,-2725135.1,0,0.0,0.0,0,37127,5531479167.98,148988.04557276375,False,True,False,False,False,0
41464.96,1.0,2.0,223576.61000000002,-182111.65000000002,0,-82929.90999999997,82929.92000000004,0,44787,7234253609.7,161525.74652689396,True,False,False,False,False,0
8509.56,0.0,0.0,0.0,8509.56,1,-8509.56,8509.56,1,26927,5172213957.19,192082.8149140268,False,False,False,True,False,0
22217.55,0.0,0.0,0.0,22217.55,1,0.0,22217.55,1,14490,3283341857.45,226593.6409558316,False,False,False,True,False,0
127203.73,0.0,6.0,280645.3475,-153441.6175,0,-127203.73,0.0,0,26103,5510846318.73,211119.270533272,False,True,False,False,False,0
25616.24,1.0,8.0,309842.8780769231,-284226.6380769231,0,-25616.24,0.0,0,27727,5003598395.76,180459.42207090562,False,True,False,False,False,0
40761.15,0.0,0.0,0.0,40761.15,1,-40460.950000000004,40761.15,1,7818,1055020916.85,134947.6741941673,False,False,False,True,False,0
2912.36,0.0,0.0,0.0,2912.36,1,-2912.36,2912.36,1,33528,4693535568.26,139988.53400918635,False,False,False,True,False,0
3686.4,0.0,0.0,0.0,3686.4,1,-3686.4,3686.4,1,30223,5917459225.07,195793.24438573272,False,False,False,True,False,0
84550.94,0.0,5.0,271468.74076923076,-186917.80076923076,0,-169101.87999999896,169101.8799999999,0,40696,6965215256.25,171152.33084946923,True,False,False,False,False,0
714294.82,3.0,3.0,108851.12333333334,605443.6966666667,0,-713518.82,-2.3283064365386963e-10,0,29467,7929207505.03,269087.7084545424,False,False,False,False,True,0
539884.95,0.0,12.0,204977.28346153846,334907.66653846146,0,-539884.95,-4.656612873077393e-10,0,22797,3912610392.82,171628.30165460368,False,True,False,False,False,0
34445.29,0.0,0.0,0.0,34445.29,1,-68890.58,34445.29,1,40696,6965215256.25,171152.33084946923,True,False,False,False,False,0
34900.71,2.0,6.0,203130.16166666665,-168229.45166666666,0,-69801.42,69801.42,0,37127,5531479167.98,148988.04557276375,True,False,False,False,False,0
66612.55,0.0,0.0,0.0,66612.55,1,-66612.55,66612.55,1,34075,6436763739.34,188899.88963580338,False,False,False,True,False,0
68068.5,0.0,2.0,111600.01500000001,-43531.515000000014,0,-68068.5,0.0,0,26927,5172213957.19,192082.8149140268,False,True,False,False,False,0
524884.46,0.0,9.0,269608.9211111111,255275.53888888884,0,-524884.46,0.0,0,19269,4577025882.6,237533.13003269501,False,True,False,False,False,0
86426.67,1.0,4.0,322172.5125,-235745.84250000003,0,0.0,0.0,0,40696,6965215256.25,171152.33084946923,False,True,False,False,False,0
65337.09,0.0,1.0,99978.65,-34641.56,0,-130674.18,130674.18,0,40696,6965215256.25,171152.33084946923,True,False,False,False,False,0
104769.78,0.0,0.0,0.0,104769.78,1,-104769.78,0.0,0,30420,6779388634.99,222859.58694904667,False,True,False,False,False,0
74786.15,1.0,6.0,233349.48111111106,-158563.33111111107,0,-149572.2999999998,149572.2999999998,0,26927,5172213957.19,192082.8149140268,True,False,False,False,False,0
5261.0,0.0,0.0,0.0,5261.0,1,-5261.0,5261.0,1,37127,5531479167.98,148988.04557276375,False,False,False,True,False,0
4078.87,0.0,0.0,0.0,4078.87,1,-4078.87,4078.87,1,29552,5701716349.72,192938.42547780185,False,False,False,True,False,0
139910.19,0.0,7.0,207778.9494117647,-67868.75941176471,0,-279820.3799999999,279820.3699999999,0,30910,5608205263.28,181436.59861792298,True,False,False,False,False,0
79369.61,0.0,0.0,0.0,79369.61,1,-78309.61,0.0,0,30348,5915512509.77,194922.64761335182,False,True,False,False,False,0
143814.8,1.0,1.0,138325.26999999996,5489.530000000028,0,-143770.8,0.0,0,26103,5510846318.73,211119.270533272,False,True,False,False,False,0
7691.22,0.0,0.0,0.0,7691.22,1,-7691.22,7691.22,1,30223,5917459225.07,195793.24438573272,False,False,False,True,False,0
4811.87,0.0,0.0,0.0,4811.87,1,0.0,4811.87,1,12023,1737107629.18,144482.04517840807,False,False,False,True,False,0
335933.66,0.0,0.0,0.0,335933.66,1,-333957.66,-0.010000000009313226,0,29552,5701716349.72,192938.42547780185,False,True,False,False,False,0
113080.06,0.0,0.0,0.0,113080.06,1,-61355.06,0.0,0,41759,5847754144.07,140035.78016882588,False,True,False,False,False,0
37771.21,0.0,0.0,0.0,37771.21,1,-37771.21,37771.21,1,18183,2963739223.12,162995.06259253147,False,False,False,True,False,0
85125.92,0.0,0.0,0.0,85125.92,1,-170251.83999999997,85125.92,1,26656,5024591202.61,188497.5691255252,True,False,False,False,False,0
42921.25,1.0,1.0,52794.44,-9873.190000000002,0,-85842.5,85842.5,0,44787,7234253609.7,161525.74652689396,True,False,False,False,False,0
426234.02,0.0,3.0,188317.51846153848,237916.50153846154,0,-417008.02,0.0,0,27139,5047833554.76,185999.2466472604,False,True,False,False,False,0
64901.29,1.0,5.0,186325.80230769233,-121424.51230769232,0,-64901.29,0.0,0,30223,5917459225.07,195793.24438573272,False,False,False,False,True,0
292031.69,0.0,0.0,0.0,292031.69,1,-135748.69,-105161.34000000003,0,22797,3912610392.82,171628.30165460368,False,True,False,False,False,0
25900.91,0.0,0.0,0.0,25900.91,1,-25900.91,0.0,0,44787,7234253609.7,161525.74652689396,False,True,False,False,False,0
301727.62,1.0,2.0,208164.79499999998,93562.82500000001,0,-208212.97999999998,-0.010000000009313226,0,30222,6964456131.76,230443.2576189531,False,True,False,False,False,0
409411.46,0.0,9.0,402437.34174999996,6974.118250000058,0,-398690.46,0.0,0,30420,6779388634.99,222859.58694904667,False,True,False,False,False,0
252501.79,0.0,0.0,0.0,252501.79,1,-252341.79,0.0,0,30420,6779388634.99,222859.58694904667,False,True,False,False,False,0
118871.4,3.0,4.0,351275.135,-232403.73500000002,0,-118871.4,-0.010000000009313226,0,36726,4862065083.49,132387.54788133746,False,True,False,False,False,0
13489.64,0.0,3.0,191864.83952380953,-178375.19952380954,0,-8410.64,0.009999999776482582,0,44787,7234253609.7,161525.74652689396,False,True,False,False,False,0
37401.74,0.0,0.0,0.0,37401.74,1,-31463.739999999998,0.0,0,34075,6436763739.34,188899.88963580338,False,True,False,False,False,0
306060.26,0.0,0.0,0.0,306060.26,1,-612120.52,306060.26,1,33528,4693535568.26,139988.53400918635,True,False,False,False,False,0
233459.95,1.0,4.0,174552.5725,58907.3775,0,-233459.95,-1.1641532182693481e-10,0,37127,5531479167.98,148988.04557276375,False,True,False,False,False,0
184254.41,2.0,12.0,296979.1867857143,-112724.77678571429,0,-184254.41,0.0,0,14670,3775109118.91,257335.31826244036,False,True,False,False,False,0
11024.97,0.0,0.0,0.0,11024.97,1,-8015.969999999999,11024.97,1,3508,475026460.95,135412.33208380843,False,False,False,True,False,0
157351.82,1.0,3.0,310712.83,-153361.01,0,-314703.64,314703.6399999999,0,40696,6965215256.25,171152.33084946923,True,False,False,False,False,0
89554.26,0.0,2.0,281535.065,-191980.805,0,-57195.259999999995,0.0,0,30222,6964456131.76,230443.2576189531,False,True,False,False,False,0
189961.99,0.0,3.0,863860.4899999999,-673898.4999999999,0,-182113.97999999998,0.0,0,20122,6138973352.87,305087.63308170164,False,True,False,False,False,0
346683.38,0.0,1.0,78518.87,268164.51,0,-335161.38,0.0,0,34075,6436763739.34,188899.88963580338,False,True,False,False,False,0
48352.63,0.0,0.0,0.0,48352.63,1,-48352.63,48352.63,1,18183,2963739223.12,162995.06259253147,False,False,False,True,False,0
154674.11,0.0,8.0,218157.598,-63483.48800000001,0,-154610.11,-2.3283064365386963e-10,0,30222,6964456131.76,230443.2576189531,False,True,False,False,False,0
436389.22,0.0,3.0,283928.19,152461.02999999997,0,-872778.4499999993,872778.4400000001,0,14961,2043308095.19,136575.63633380123,True,False,False,False,False,0
119799.87,1.0,8.0,412107.42875,-292307.55875,0,-119799.87,0.0,0,44787,7234253609.7,161525.74652689396,False,True,False,False,False,0
428795.73,1.0,6.0,214721.87615384615,214073.85384615383,0,-428795.73,0.0,0,20122,6138973352.87,305087.63308170164,False,True,False,False,False,0
13460.3,0.0,0.0,0.0,13460.3,1,-13460.3,13460.3,1,37127,5531479167.98,148988.04557276375,False,False,False,True,False,0
3077.1,0.0,0.0,0.0,3077.1,1,0.0,3077.1,1,7991,1081719923.47,135367.27862219998,False,False,False,True,False,0
10677.04,0.0,0.0,0.0,10677.04,1,-10677.04,10677.04,1,37693,4803245990.13,127430.71631682276,False,False,False,True,False,0
69012.74,0.0,1.0,167138.61,-98125.86999999998,0,-69012.74,-2.9103830456733704e-11,0,22797,3912610392.82,171628.30165460368,False,True,False,False,False,0
273348.0,2.0,7.0,124949.05846153846,148398.94153846154,0,-546696.0,546696.0,0,28245,5640295178.53,199691.81017985483,True,False,False,False,False,0
12992.13,0.0,0.0,0.0,12992.13,1,9.094947017729282e-13,12992.13,1,37127,5531479167.98,148988.04557276375,False,False,False,True,False,0
21773.22,0.0,0.0,0.0,21773.22,1,-15425.87,21773.22,1,1419,142296140.07,100279.16847780126,False,False,False,True,False,0
159951.75,0.0,4.0,118558.76666666668,41392.98333333332,0,-159951.75,0.0,0,28245,5640295178.53,199691.81017985483,False,True,False,False,False,0
19472.12,0.0,0.0,0.0,19472.12,1,9.094947017729282e-13,19472.12,1,33468,5718920109.12,170877.25914664753,False,False,False,True,False,0
118816.34,2.0,7.0,91837.21428571429,26979.125714285707,0,-237632.67999999993,237632.68,0,30910,5608205263.28,181436.59861792298,True,False,False,False,False,0
13236.0,0.0,0.0,0.0,13236.0,1,0.0,13236.0,1,12050,1754502433.76,145601.86172282157,False,False,False,True,False,0
7281.35,0.0,0.0,0.0,7281.35,1,-5906.35,7281.35,1,30348,5915512509.77,194922.64761335182,False,False,False,True,False,0
44154.16,0.0,4.0,105771.145,-61616.985,0,-3.637978807091713e-12,0.0,0,29552,5701716349.72,192938.42547780185,False,True,False,False,False,0
113978.39,0.0,4.0,536014.9695454546,-422036.5795454546,0,-227956.77999999933,227956.7800000012,0,28853,5407533849.39,187416.6932169965,True,False,False,False,False,0
261095.01,1.0,5.0,231809.87999999998,29285.130000000034,0,-161713.01,0.0,0,30910,5608205263.28,181436.59861792298,False,True,False,False,False,0
113379.09,1.0,1.0,6918933.23,-6805554.140000001,0,-113379.09,0.010000000707805157,0,33468,5718920109.12,170877.25914664753,False,True,False,False,False,0
7009.01,0.0,0.0,0.0,7009.01,1,-7009.01,7009.01,1,37127,5531479167.98,148988.04557276375,False,False,False,True,False,0
297341.91,0.0,3.0,186513.43000000002,110828.47999999995,0,-285538.91,0.0,0,26656,5024591202.61,188497.5691255252,False,True,False,False,False,0
9986.18,0.0,0.0,0.0,9986.18,1,-9986.18,9986.18,1,29467,7929207505.03,269087.7084545424,False,False,False,True,False,0
440069.91,2.0,6.0,203120.22375,236949.68624999997,0,-424874.91,0.0,0,30222,6964456131.76,230443.2576189531,False,True,False,False,False,0
162291.3,0.0,1.0,91288.02000000002,71003.27999999997,0,1.4551915228366852e-11,0.0,0,36726,4862065083.49,132387.54788133746,False,True,False,False,False,0
182881.26,1.0,3.0,31573.116666666658,151308.14333333334,0,-164618.26,-0.010000000009313226,0,44787,7234253609.7,161525.74652689396,False,True,False,False,False,0
1858.97,0.0,0.0,0.0,1858.97,1,0.0,1858.97,1,11829,1657430074.48,140115.8233561586,False,False,False,True,False,0
251990.46,0.0,7.0,232194.27833333332,19796.18166666667,0,-251990.46,-0.009999999776482582,0,27139,5047833554.76,185999.2466472604,False,True,False,False,False,0
118195.22,1.0,6.0,179150.10124999998,-60954.88124999998,0,-103005.22,0.0,0,26927,5172213957.19,192082.8149140268,False,True,False,False,False,0
35306.84,0.0,0.0,0.0,35306.84,1,-34499.84,35306.84,1,30222,6964456131.76,230443.2576189531,False,False,False,True,False,0
247897.73,0.0,6.0,384860.56823529414,-136962.83823529413,0,-247897.73,0.010000001639127731,0,29467,7929207505.03,269087.7084545424,False,True,False,False,False,0
223327.33,0.0,6.0,245479.5805882353,-22152.2505882353,0,-221516.33,0.01000000024214387,0,33468,5718920109.12,170877.25914664753,False,True,False,False,False,0
3911.6,0.0,3.0,245531.21,-241619.61,0,-3568.6,-0.010000000009313226,0,30910,5608205263.28,181436.59861792298,False,False,True,False,False,0
309809.7,1.0,2.0,173846.915,135962.785,0,-309809.7,-0.010000000009313226,0,26103,5510846318.73,211119.270533272,False,True,False,False,False,0
2011567.36,0.0,5.0,771431.7299999999,1240135.6300000004,0,-2011567.36,0.0,0,26656,5024591202.61,188497.5691255252,False,False,False,False,True,0
14304.67,0.0,0.0,0.0,14304.67,1,0.0,0.0,0,34075,6436763739.34,188899.88963580338,False,True,False,False,False,0
117564.54,1.0,2.0,92135.17000000001,25429.36999999998,0,-235129.0700000003,235129.08,0,40696,6965215256.25,171152.33084946923,True,False,False,False,False,0
20719.71,0.0,0.0,0.0,20719.71,1,-20719.71,20719.71,1,28959,6433780283.85,222168.5929710971,False,False,False,True,False,0
287054.79,1.0,8.0,167031.94444444444,120022.84555555554,0,-261120.78999999998,-0.009999999776482582,0,27727,5003598395.76,180459.42207090562,False,True,False,False,False,0
55192.15,0.0,0.0,0.0,55192.15,1,-54792.200000000004,55192.15,1,11829,1657430074.48,140115.8233561586,False,False,False,True,False,0
5170.29,1.0,2.0,118722.39,-113552.1,0,-5170.29,7.275957614183426e-12,0,14961,2043308095.19,136575.63633380123,False,True,False,False,False,0
325636.04,2.0,5.0,148068.16666666666,177567.87333333332,0,-651272.0800000001,651272.08,0,37127,5531479167.98,148988.04557276375,True,False,False,False,False,0
265110.34,0.0,4.0,191369.51599999997,73740.82400000005,0,-530220.6699999999,530220.6800000002,0,40696,6965215256.25,171152.33084946923,True,False,False,False,False,0
8956.0,0.0,0.0,0.0,8956.0,1,-8956.0,8956.0,1,44787,7234253609.7,161525.74652689396,False,False,False,True,False,0
503465.35,0.0,10.0,138950.20272727273,364515.1472727272,0,-498361.38999999996,0.0,0,29467,7929207505.03,269087.7084545424,False,False,False,False,True,0
84122.18,0.0,4.0,150878.7977777778,-66756.6177777778,0,-80935.18,0.0,0,26927,5172213957.19,192082.8149140268,False,True,False,False,False,0
350071.47,0.0,2.0,199612.39299999998,150459.077,0,-51937.46999999997,0.0,0,28959,6433780283.85,222168.5929710971,False,True,False,False,False,0
107737.39,1.0,5.0,195931.96833333332,-88194.57833333332,0,-215474.78000000003,215474.78000000003,0,40696,6965215256.25,171152.33084946923,True,False,False,False,False,0
57425.08,0.0,1.0,96114.40333333332,-38689.32333333332,0,-114850.16000000015,114850.15999999997,0,18183,2963739223.12,162995.06259253147,True,False,False,False,False,0
155778.46,0.0,4.0,920138.8614285715,-764360.4014285716,0,-155778.46,3.725290298461914e-09,0,36726,4862065083.49,132387.54788133746,False,True,False,False,False,0
95024.36,2.0,10.0,480641.45769230765,-385617.09769230767,0,-95024.36,0.010000000707805157,0,28245,5640295178.53,199691.81017985483,False,True,False,False,False,0
3831825.15,0.0,1.0,40490.62000000011,3791334.53,0,-3765975.15,0.009999999776482582,0,14670,3775109118.91,257335.31826244036,False,False,False,False,True,0
249272.01,1.0,1.0,116319.83599999998,132952.17400000003,0,-249272.01,0.0,0,34075,6436763739.34,188899.88963580338,False,True,False,False,False,0
153360.12,0.0,1.0,31291.070000000007,122069.04999999999,0,-306720.24,184651.19,0,36726,4862065083.49,132387.54788133746,True,False,False,False,False,0
285742.19,2.0,8.0,232494.93375000003,53247.25624999998,0,-571484.3799999999,571484.38,0,26656,5024591202.61,188497.5691255252,True,False,False,False,False,0
12593.75,0.0,0.0,0.0,12593.75,1,-12593.75,12593.75,1,37693,4803245990.13,127430.71631682276,False,False,False,True,False,0
372759.29,0.0,8.0,301395.46388888895,71363.82611111103,0,-332432.29,0.0,0,44787,7234253609.7,161525.74652689396,False,True,False,False,False,0
381792.81,2.0,9.0,235392.9108333333,146399.8991666667,0,-763585.6100000008,763585.6099999999,0,44787,7234253609.7,161525.74652689396,True,False,False,False,False,0
264639.66,1.0,5.0,152511.9922222222,112127.66777777777,0,-529279.3299999998,529279.32,0,26103,5510846318.73,211119.270533272,True,False,False,False,False,0
132627.51,0.0,4.0,289941.373,-157313.863,0,-265255.02,265255.02,0,3588,443414417.79,123582.61365384616,True,False,False,False,False,0
440473.69,2.0,14.0,263035.47304347827,177438.21695652173,0,-880947.3799999999,880947.3800000008,0,26927,5172213957.19,192082.8149140268,True,False,False,False,False,0
31157.11,0.0,0.0,0.0,31157.11,1,-15618.11,31157.11,1,28853,5407533849.39,187416.6932169965,False,False,False,True,False,0
371416.29,1.0,2.0,198257.4,173158.88999999998,0,-370704.29,0.0,0,26103,5510846318.73,211119.270533272,False,True,False,False,False,0
162621.29,0.0,0.0,0.0,162621.29,1,-162621.29,-640.2799999999697,0,29552,5701716349.72,192938.42547780185,False,True,False,False,False,0
4682332.57,0.0,6.0,330424.23705882346,4351908.332941176,0,-4682332.57,0.0,0,28245,5640295178.53,199691.81017985483,False,False,False,False,True,0
3256.95,0.0,0.0,0.0,3256.95,1,-3256.95,3256.95,1,27139,5047833554.76,185999.2466472604,False,False,False,True,False,0
238629.43,0.0,4.0,103951.235,134678.195,0,-238629.43,-0.010000000009313226,0,26927,5172213957.19,192082.8149140268,False,True,False,False,False,0
13784.18,0.0,0.0,0.0,13784.18,1,-13784.18,13784.18,1,36726,4862065083.49,132387.54788133746,False,False,False,True,False,0
18762.02,0.0,0.0,0.0,18762.02,1,1.4551915228366852e-11,18762.02,1,14670,3775109118.91,257335.31826244036,False,False,False,True,False,0
36207.59,3.0,8.0,251245.50210526315,-215037.91210526315,0,-36207.59,0.0,0,26073,5826660716.37,223474.88652514096,False,True,False,False,False,0
46865.34,0.0,2.0,234198.66999999998,-187333.33,0,-30076.339999999997,-0.009999999951105565,0,30910,5608205263.28,181436.59861792298,False,True,False,False,False,0
5104.95,0.0,0.0,0.0,5104.95,1,-5104.95,5104.95,1,16604,2252761583.91,135675.83617863164,False,False,False,True,False,0
108311.32,0.0,4.0,537342.9600000001,-429031.6400000001,0,-216622.63999999966,216622.63999999966,0,26073,5826660716.37,223474.88652514096,True,False,False,False,False,0
249130.02,0.0,7.0,167166.74333333332,81963.27666666667,0,-249130.02,0.0,0,14961,2043308095.19,136575.63633380123,False,True,False,False,False,0
10486.79,0.0,0.0,0.0,10486.79,1,0.0,10486.79,1,22797,3912610392.82,171628.30165460368,False,False,False,True,False,0
117828.83,0.0,4.0,197388.91374999998,-79560.08374999998,0,-235657.66000000015,235657.65999999997,0,16604,2252761583.91,135675.83617863164,True,False,False,False,False,0
2461.74,0.0,0.0,0.0,2461.74,1,-2461.74,2461.74,1,11829,1657430074.48,140115.8233561586,False,False,False,True,False,0
352068.3,0.0,2.0,164606.91555555555,187461.38444444444,0,-704136.6,352339.79,0,30420,6779388634.99,222859.58694904667,True,False,False,False,False,0
94284.29,0.0,3.0,160935.28,-66650.99,0,-11770.289999999994,0.0,0,28853,5407533849.39,187416.6932169965,False,True,False,False,False,0
